-- MySQL dump 10.13  Distrib 8.0.46, for Win64 (x86_64)
--
-- Host: localhost    Database: payroll
-- ------------------------------------------------------
-- Server version	8.0.43

/*!40101 SET @OLD_CHARACTER_SET_CLIENT=@@CHARACTER_SET_CLIENT */;
/*!40101 SET @OLD_CHARACTER_SET_RESULTS=@@CHARACTER_SET_RESULTS */;
/*!40101 SET @OLD_COLLATION_CONNECTION=@@COLLATION_CONNECTION */;
/*!50503 SET NAMES utf8 */;
/*!40103 SET @OLD_TIME_ZONE=@@TIME_ZONE */;
/*!40103 SET TIME_ZONE='+00:00' */;
/*!40014 SET @OLD_UNIQUE_CHECKS=@@UNIQUE_CHECKS, UNIQUE_CHECKS=0 */;
/*!40014 SET @OLD_FOREIGN_KEY_CHECKS=@@FOREIGN_KEY_CHECKS, FOREIGN_KEY_CHECKS=0 */;
/*!40101 SET @OLD_SQL_MODE=@@SQL_MODE, SQL_MODE='NO_AUTO_VALUE_ON_ZERO' */;
/*!40111 SET @OLD_SQL_NOTES=@@SQL_NOTES, SQL_NOTES=0 */;

--
-- Table structure for table `department`
--

DROP TABLE IF EXISTS `department`;
/*!40101 SET @saved_cs_client     = @@character_set_client */;
/*!50503 SET character_set_client = utf8mb4 */;
CREATE TABLE `department` (
  `dp_id` int NOT NULL AUTO_INCREMENT,
  `dp_name` varchar(50) DEFAULT NULL,
  PRIMARY KEY (`dp_id`)
) ENGINE=InnoDB AUTO_INCREMENT=4 DEFAULT CHARSET=utf8mb4 COLLATE=utf8mb4_0900_ai_ci;
/*!40101 SET character_set_client = @saved_cs_client */;

--
-- Dumping data for table `department`
--

LOCK TABLES `department` WRITE;
/*!40000 ALTER TABLE `department` DISABLE KEYS */;
INSERT INTO `department` VALUES (1,'Human Resources'),(2,'Information Technology'),(3,'Finance');
/*!40000 ALTER TABLE `department` ENABLE KEYS */;
UNLOCK TABLES;

--
-- Table structure for table `employee`
--

DROP TABLE IF EXISTS `employee`;
/*!40101 SET @saved_cs_client     = @@character_set_client */;
/*!50503 SET character_set_client = utf8mb4 */;
CREATE TABLE `employee` (
  `em_id` int NOT NULL AUTO_INCREMENT,
  `em_name` varchar(50) DEFAULT NULL,
  `em_salary` double DEFAULT NULL,
  `em_permanent` tinyint(1) DEFAULT NULL,
  `em_date_of_birth` date DEFAULT NULL,
  `em_dp_id` int DEFAULT NULL,
  PRIMARY KEY (`em_id`),
  KEY `em_dp_id` (`em_dp_id`),
  CONSTRAINT `employee_ibfk_1` FOREIGN KEY (`em_dp_id`) REFERENCES `department` (`dp_id`)
) ENGINE=InnoDB AUTO_INCREMENT=5 DEFAULT CHARSET=utf8mb4 COLLATE=utf8mb4_0900_ai_ci;
/*!40101 SET character_set_client = @saved_cs_client */;

--
-- Dumping data for table `employee`
--

LOCK TABLES `employee` WRITE;
/*!40000 ALTER TABLE `employee` DISABLE KEYS */;
INSERT INTO `employee` VALUES (1,'John',50000,1,'1998-05-20',2),(2,'Alice',60000,1,'1997-03-15',2),(3,'Robert',45000,0,'1999-11-10',1),(4,'David',70000,1,'1995-07-22',3);
/*!40000 ALTER TABLE `employee` ENABLE KEYS */;
UNLOCK TABLES;

--
-- Table structure for table `employee_skill`
--

DROP TABLE IF EXISTS `employee_skill`;
/*!40101 SET @saved_cs_client     = @@character_set_client */;
/*!50503 SET character_set_client = utf8mb4 */;
CREATE TABLE `employee_skill` (
  `es_em_id` int NOT NULL,
  `es_sk_id` int NOT NULL,
  PRIMARY KEY (`es_em_id`,`es_sk_id`),
  KEY `es_sk_id` (`es_sk_id`),
  CONSTRAINT `employee_skill_ibfk_1` FOREIGN KEY (`es_em_id`) REFERENCES `employee` (`em_id`),
  CONSTRAINT `employee_skill_ibfk_2` FOREIGN KEY (`es_sk_id`) REFERENCES `skill` (`sk_id`)
) ENGINE=InnoDB DEFAULT CHARSET=utf8mb4 COLLATE=utf8mb4_0900_ai_ci;
/*!40101 SET character_set_client = @saved_cs_client */;

--
-- Dumping data for table `employee_skill`
--

LOCK TABLES `employee_skill` WRITE;
/*!40000 ALTER TABLE `employee_skill` DISABLE KEYS */;
INSERT INTO `employee_skill` VALUES (1,1),(2,1),(1,2),(4,2),(2,3),(3,4),(4,5);
/*!40000 ALTER TABLE `employee_skill` ENABLE KEYS */;
UNLOCK TABLES;

--
-- Table structure for table `skill`
--

DROP TABLE IF EXISTS `skill`;
/*!40101 SET @saved_cs_client     = @@character_set_client */;
/*!50503 SET character_set_client = utf8mb4 */;
CREATE TABLE `skill` (
  `sk_id` int NOT NULL AUTO_INCREMENT,
  `sk_name` varchar(50) DEFAULT NULL,
  PRIMARY KEY (`sk_id`)
) ENGINE=InnoDB AUTO_INCREMENT=6 DEFAULT CHARSET=utf8mb4 COLLATE=utf8mb4_0900_ai_ci;
/*!40101 SET character_set_client = @saved_cs_client */;

--
-- Dumping data for table `skill`
--

LOCK TABLES `skill` WRITE;
/*!40000 ALTER TABLE `skill` DISABLE KEYS */;
INSERT INTO `skill` VALUES (1,'Java'),(2,'Spring Boot'),(3,'Hibernate'),(4,'SQL'),(5,'Python');
/*!40000 ALTER TABLE `skill` ENABLE KEYS */;
UNLOCK TABLES;
/*!40103 SET TIME_ZONE=@OLD_TIME_ZONE */;

/*!40101 SET SQL_MODE=@OLD_SQL_MODE */;
/*!40014 SET FOREIGN_KEY_CHECKS=@OLD_FOREIGN_KEY_CHECKS */;
/*!40014 SET UNIQUE_CHECKS=@OLD_UNIQUE_CHECKS */;
/*!40101 SET CHARACTER_SET_CLIENT=@OLD_CHARACTER_SET_CLIENT */;
/*!40101 SET CHARACTER_SET_RESULTS=@OLD_CHARACTER_SET_RESULTS */;
/*!40101 SET COLLATION_CONNECTION=@OLD_COLLATION_CONNECTION */;
/*!40111 SET SQL_NOTES=@OLD_SQL_NOTES */;

-- Dump completed on 2026-07-02  0:16:49